{"Match": [0.01371, 0.98629], "Address": [0.038050085096036954, 0.9225626063700462, 0.03938730853391685, 0.004398638669492069, 0.9476861099000632, 0.04791525143044473], "Author": [0.9336250911743253, 0.0, 0.06637490882567469, 0.03400284568095253, 0.0, 0.9659971543190474], "Page": [0.31047896912229517, 0.4273036712861658, 0.262217359591539, 0.01927762963563793, 0.5368350079591195, 0.44388736240524257], "Publisher": [0.12837345003646974, 0.8488937515195721, 0.02273279844395818, 0.025987961620483495, 0.9024272779811212, 0.07158476039839533], "Title": [0.899951373693168, 0.0, 0.10004862630683199, 0.004542274584554239, 0.0, 0.9954577254154457], "Venue": [0.5644298565523949, 0.06357889618283491, 0.37199124726477023, 0.09157212043786986, 0.1630639399500485, 0.7453639396120817], "Year": [0.5199367858011184, 0.2710916605883783, 0.2089715536105033, 0.07037314920898857, 0.24523889187426282, 0.6843879589167486]}