{"Match": [0.02050927058655034, 0.9794907294134496], "Address": [0.052083333333333336, 0.9167248603351955, 0.031191806331471134, 0.004755806458295001, 0.9503290559913048, 0.04491513755040022], "Author": [0.9328445065176909, 0.0, 0.06715549348230912, 0.04889841485303059, 0.0, 0.9511015851469694], "Page": [0.3876280260707635, 0.430633147113594, 0.18173882681564246, 0.016215801267483957, 0.5523693128024165, 0.4314148859300995], "Publisher": [0.13500931098696461, 0.8409567039106145, 0.024033985102420857, 0.026521876344158084, 0.9109008250465163, 0.06257729860932568], "Title": [0.9277234636871509, 0.0, 0.07227653631284917, 0.007498650510978078, 0.0, 0.9925013494890219], "Venue": [0.5766992551210428, 0.1361731843575419, 0.28712756052141525, 0.08772348817628287, 0.19332603045519514, 0.718950481368522], "Year": [0.6591596834264432, 0.21758612662942273, 0.12325418994413408, 0.07004914211490214, 0.2308399975142595, 0.6991108603708384]}